filename,file_mb,sha256_16,stored_width,stored_height,exif_orientation,upright_width,upright_height,capture_time,camera,iso,exposure_s,brightness_mean,brightness_std,blur_laplacian_var
DSC09046.jpeg,13.35,5cf72c726d72d0a2,8448,6336,8,6336,8448,2026:03:09 12:07:57,SONY ILCE-7RM5,125,0.005,132.9,72.3,110.2
DSC09048.jpeg,13.33,2bada719fa353729,8448,6336,8,6336,8448,2026:03:09 12:08:23,SONY ILCE-7RM5,125,0.005,132.3,72.2,115.2
DSC09050.jpeg,14.26,bdbbb0f394ecb225,8448,6336,8,6336,8448,2026:03:09 12:08:53,SONY ILCE-7RM5,125,0.005,127.6,70.9,151.6
DSC09052.jpeg,12.78,895b60ba24c6324a,8448,6336,8,6336,8448,2026:03:09 12:09:24,SONY ILCE-7RM5,125,0.005,133.6,75.5,136.8
DSC09054.jpeg,13.48,9efd1cf5d152c6ae,8448,6336,8,6336,8448,2026:03:09 12:09:42,SONY ILCE-7RM5,125,0.005,132.9,76.0,176.3
DSC09056.jpeg,13.68,a3346a7243edb2c3,8448,6336,8,6336,8448,2026:03:09 12:10:00,SONY ILCE-7RM5,100,0.005,116.7,66.1,114.7
DSC09058.jpeg,12.47,f60dbcc77f6f58ab,8448,6336,8,6336,8448,2026:03:09 12:10:31,SONY ILCE-7RM5,100,0.005,127.9,70.0,122.1
DSC09061.jpeg,13.58,dc18f51f0656a46b,8448,6336,8,6336,8448,2026:03:09 12:10:57,SONY ILCE-7RM5,125,0.005,137.1,71.6,160.5
DSC09064.jpeg,13.33,d846ae9ca036ffe5,8448,6336,8,6336,8448,2026:03:09 12:11:34,SONY ILCE-7RM5,100,0.005,118.6,67.8,139.2
DSC09066.jpeg,13.66,70e41d6f3d0438a5,8448,6336,8,6336,8448,2026:03:09 12:11:52,SONY ILCE-7RM5,125,0.005,130.4,72.7,132.8
DSC09069.jpeg,11.86,a4ac5184c10b58bf,8448,6336,8,6336,8448,2026:03:09 12:12:30,SONY ILCE-7RM5,80,0.005,106.3,67.9,75.5
DSC09071.jpeg,13.0,a6d02616b727a264,8448,6336,8,6336,8448,2026:03:09 12:12:51,SONY ILCE-7RM5,125,0.005,130.6,73.7,130.9
DSC09077.jpeg,12.25,63bf98b115c70d0c,8448,6336,8,6336,8448,2026:03:09 12:14:03,SONY ILCE-7RM5,125,0.005,128.0,73.7,98.2
DSC09079.jpeg,14.19,d09a6be184103bde,8448,6336,8,6336,8448,2026:03:09 12:14:18,SONY ILCE-7RM5,160,0.005,133.4,79.7,177.3
DSC09082.jpeg,14.21,4e436bfde8ac77ba,8448,6336,8,6336,8448,2026:03:09 12:15:10,SONY ILCE-7RM5,160,0.005,140.1,75.8,157.0
DSC09086.jpeg,12.74,18b7d8644527e11a,8448,6336,8,6336,8448,2026:03:09 12:15:54,SONY ILCE-7RM5,160,0.005,141.8,79.0,133.7
DSC09091.jpeg,12.88,241ba2c64af1d64b,8448,6336,8,6336,8448,2026:03:09 12:16:41,SONY ILCE-7RM5,125,0.005,133.0,75.6,120.7
DSC09094.jpeg,11.84,dad64d5c1bd43c35,8448,6336,8,6336,8448,2026:03:09 12:17:21,SONY ILCE-7RM5,125,0.005,136.5,76.8,99.9
DSC09097.jpeg,12.88,9e9cfad40b941d6b,8448,6336,8,6336,8448,2026:03:09 12:17:49,SONY ILCE-7RM5,125,0.005,125.6,78.5,124.2
DSC09099.jpeg,12.0,d37e356c659ee71e,8448,6336,8,6336,8448,2026:03:09 12:18:21,SONY ILCE-7RM5,125,0.005,126.7,75.8,75.1
DSC09101.jpeg,11.59,81fa7a8631dcdcaa,8448,6336,8,6336,8448,2026:03:09 12:19:07,SONY ILCE-7RM5,125,0.005,124.0,81.9,82.2
DSC09103.jpeg,13.25,aa134851d60f1831,8448,6336,8,6336,8448,2026:03:09 12:19:47,SONY ILCE-7RM5,160,0.005,139.8,75.2,152.3
DSC09105.jpeg,13.29,5f38a0e72d7408bc,8448,6336,8,6336,8448,2026:03:09 12:20:04,SONY ILCE-7RM5,160,0.005,137.8,77.9,164.3
DSC09107.jpeg,14.15,88f747cf22bf5fcc,8448,6336,8,6336,8448,2026:03:09 12:20:24,SONY ILCE-7RM5,200,0.005,140.2,77.9,177.0
DSC09109.jpeg,14.38,964b2689d21b38e5,8448,6336,8,6336,8448,2026:03:09 12:20:59,SONY ILCE-7RM5,160,0.005,119.8,79.1,185.7
DSC09111.jpeg,15.3,8788a3863d398f8d,8448,6336,8,6336,8448,2026:03:09 12:21:30,SONY ILCE-7RM5,160,0.005,129.9,76.0,104.4
DSC09113.jpeg,13.09,ca54a11c21185fcf,8448,6336,8,6336,8448,2026:03:09 12:22:08,SONY ILCE-7RM5,160,0.005,143.4,76.6,140.1
DSC09115.jpeg,13.46,204671fb946633f3,8448,6336,8,6336,8448,2026:03:09 12:22:26,SONY ILCE-7RM5,160,0.005,120.9,80.9,117.6
DSC09120.jpeg,13.06,06245a585eb77975,8448,6336,8,6336,8448,2026:03:09 12:23:21,SONY ILCE-7RM5,160,0.005,134.4,78.8,116.0
DSC09122.jpeg,13.15,88ecffaedc1c6641,8448,6336,8,6336,8448,2026:03:09 12:23:39,SONY ILCE-7RM5,160,0.005,135.4,78.8,97.6
DSC09124.jpeg,12.58,5ddeb89c0ac1f801,8448,6336,8,6336,8448,2026:03:09 12:23:57,SONY ILCE-7RM5,160,0.005,139.1,77.0,133.4
DSC09126.jpeg,13.49,d1013198e9bb7839,8448,6336,8,6336,8448,2026:03:09 12:24:17,SONY ILCE-7RM5,160,0.005,138.9,75.4,167.2
DSC09127.jpeg,12.14,eeafc6c138b03dc4,8448,6336,8,6336,8448,2026:03:09 12:24:46,SONY ILCE-7RM5,160,0.005,138.5,81.8,101.9
DSC09131.jpeg,13.3,cfe392d1b8f8e84a,8448,6336,8,6336,8448,2026:03:09 12:25:18,SONY ILCE-7RM5,160,0.005,141.0,80.4,144.5
DSC09133.jpeg,12.01,4054f0d4e6c81a31,8448,6336,8,6336,8448,2026:03:09 12:25:32,SONY ILCE-7RM5,160,0.005,132.8,81.3,95.5
DSC09134.jpeg,12.15,4854b02c25b28274,8448,6336,8,6336,8448,2026:03:09 12:25:45,SONY ILCE-7RM5,160,0.005,147.0,77.6,110.6
DSC09137.jpeg,9.82,2c119efb20bc3b1c,8448,6336,8,6336,8448,2026:03:09 12:26:13,SONY ILCE-7RM5,160,0.005,171.9,76.6,87.1
DSC09139.jpeg,12.36,82d3ad498b5ff7e0,8448,6336,8,6336,8448,2026:03:09 12:26:31,SONY ILCE-7RM5,160,0.005,134.5,78.2,122.3
DSC09141.jpeg,12.93,520408e9bd115938,8448,6336,8,6336,8448,2026:03:09 12:26:50,SONY ILCE-7RM5,160,0.005,136.6,78.6,164.6
DSC09142.jpeg,13.7,e44912768a9c4aa9,8448,6336,8,6336,8448,2026:03:09 12:27:08,SONY ILCE-7RM5,160,0.005,137.7,73.1,148.9
DSC09143.jpeg,13.54,9046e86bbece1677,8448,6336,8,6336,8448,2026:03:09 12:27:11,SONY ILCE-7RM5,160,0.005,137.7,73.8,147.0
DSC09144.jpeg,14.44,c40ba18d523f1fd4,8448,6336,8,6336,8448,2026:03:09 12:27:27,SONY ILCE-7RM5,160,0.005,127.6,75.6,173.2
DSC09147.jpeg,13.13,765023bb664248ff,8448,6336,8,6336,8448,2026:03:09 12:27:50,SONY ILCE-7RM5,160,0.005,138.9,76.5,151.9
DSC09154.jpeg,13.65,53a67c2a2ed831d2,8448,6336,8,6336,8448,2026:03:09 12:29:32,SONY ILCE-7RM5,160,0.005,144.9,74.6,203.5
DSC09156.jpeg,13.64,7e78fb40d919c032,8448,6336,8,6336,8448,2026:03:09 12:29:53,SONY ILCE-7RM5,160,0.005,139.9,73.5,127.3
DSC09158.jpeg,14.05,5df6caa37098d5d2,8448,6336,8,6336,8448,2026:03:09 12:30:24,SONY ILCE-7RM5,160,0.005,137.7,72.5,137.1
DSC09159.jpeg,13.44,3a39f6aea1cf420a,8448,6336,8,6336,8448,2026:03:09 12:30:47,SONY ILCE-7RM5,200,0.005,129.9,82.9,136.0
DSC09163.jpeg,13.61,260a36ccad147275,8448,6336,8,6336,8448,2026:03:09 12:31:40,SONY ILCE-7RM5,125,0.005,131.8,70.5,117.6
DSC09167.jpeg,12.96,0a37fb5b2f5e978d,8448,6336,8,6336,8448,2026:03:09 12:33:07,SONY ILCE-7RM5,125,0.005,121.7,78.5,93.0
DSC09170.jpeg,13.83,a563b0698f109956,8448,6336,8,6336,8448,2026:03:09 12:33:52,SONY ILCE-7RM5,125,0.005,136.7,74.0,140.2
DSC09172.jpeg,13.81,d4c8818d38c3ee21,8448,6336,8,6336,8448,2026:03:09 12:34:12,SONY ILCE-7RM5,125,0.005,130.0,76.8,139.2
DSC09181.jpeg,12.78,a773726f1b97f928,8448,6336,8,6336,8448,2026:03:09 12:37:49,SONY ILCE-7RM5,125,0.005,128.0,73.2,147.4
DSC09182.jpeg,12.67,0cdd34942c679753,8448,6336,8,6336,8448,2026:03:09 12:37:53,SONY ILCE-7RM5,125,0.005,132.1,71.7,132.3
DSC09185.jpeg,13.23,5950c9a0a0212f81,8448,6336,8,6336,8448,2026:03:09 12:38:36,SONY ILCE-7RM5,125,0.005,117.3,76.4,112.1
DSC09188.jpeg,13.74,0d5ed2548c59a4b4,8448,6336,8,6336,8448,2026:03:09 12:39:23,SONY ILCE-7RM5,125,0.005,129.7,76.0,144.8
DSC09190.jpeg,14.37,02b542e77ba4220e,8448,6336,8,6336,8448,2026:03:09 12:40:56,SONY ILCE-7RM5,125,0.005,130.3,76.8,175.7
