filename,student_id,student_name
DSC09046.jpeg,,
DSC09048.jpeg,,
DSC09050.jpeg,,
DSC09052.jpeg,,
DSC09054.jpeg,,
DSC09056.jpeg,,
DSC09058.jpeg,,
DSC09061.jpeg,,
DSC09064.jpeg,,
DSC09066.jpeg,,
DSC09069.jpeg,,
DSC09071.jpeg,,
DSC09077.jpeg,,
DSC09079.jpeg,,
DSC09082.jpeg,,
DSC09086.jpeg,,
DSC09091.jpeg,,
DSC09094.jpeg,,
DSC09097.jpeg,,
DSC09099.jpeg,,
DSC09101.jpeg,,
DSC09103.jpeg,,
DSC09105.jpeg,,
DSC09107.jpeg,,
DSC09109.jpeg,,
DSC09111.jpeg,,
DSC09113.jpeg,,
DSC09115.jpeg,,
DSC09120.jpeg,,
DSC09122.jpeg,,
DSC09124.jpeg,,
DSC09126.jpeg,,
DSC09127.jpeg,,
DSC09131.jpeg,,
DSC09133.jpeg,,
DSC09134.jpeg,,
DSC09137.jpeg,,
DSC09139.jpeg,,
DSC09141.jpeg,,
DSC09142.jpeg,,
DSC09143.jpeg,,
DSC09144.jpeg,,
DSC09147.jpeg,,
DSC09154.jpeg,,
DSC09156.jpeg,,
DSC09158.jpeg,,
DSC09159.jpeg,,
DSC09163.jpeg,,
DSC09167.jpeg,,
DSC09170.jpeg,,
DSC09172.jpeg,,
DSC09181.jpeg,,
DSC09182.jpeg,,
DSC09185.jpeg,,
DSC09188.jpeg,,
DSC09190.jpeg,,
